{"accuracy": 0.807, "auc": 0.842, "f1": 0.609, "cm": [[925, 110], [162, 212]], "fpr": [0.0, 0.0, 0.0, 0.000966183574879227, 0.000966183574879227, 0.002898550724637681, 0.002898550724637681, 0.003864734299516908, 0.003864734299516908, 0.00676328502415459, 0.00676328502415459, 0.007729468599033816, 0.007729468599033816, 0.00966183574879227, 0.00966183574879227, 0.010628019323671498, 0.010628019323671498, 0.012560386473429951, 0.012560386473429951, 0.01352657004830918, 0.01352657004830918, 0.014492753623188406, 0.014492753623188406, 0.015458937198067632, 0.015458937198067632, 0.01642512077294686, 0.01642512077294686, 0.018357487922705314, 0.018357487922705314, 0.01932367149758454, 0.01932367149758454, 0.020289855072463767, 0.021256038647342997, 0.021256038647342997, 0.02318840579710145, 0.02318840579710145, 0.025120772946859903, 0.025120772946859903, 0.02608695652173913, 0.02608695652173913, 0.02705314009661836, 0.02705314009661836, 0.028019323671497585, 0.028019323671497585, 0.02995169082125604, 0.02995169082125604, 0.030917874396135265, 0.030917874396135265, 0.03188405797101449, 0.03188405797101449, 0.033816425120772944, 0.033816425120772944, 0.034782608695652174, 0.034782608695652174, 0.035748792270531404, 0.035748792270531404, 0.03671497584541063, 0.03671497584541063, 0.03768115942028986, 0.03768115942028986, 0.03864734299516908, 0.03864734299516908, 0.03961352657004831, 0.03961352657004831, 0.04057971014492753, 0.04057971014492753, 0.04154589371980676, 0.04154589371980676, 0.043478260869565216, 0.043478260869565216, 0.0463768115942029, 0.0463768115942029, 0.04927536231884058, 0.04927536231884058, 0.050241545893719805, 0.050241545893719805, 0.05314009661835749, 0.05314009661835749, 0.05410628019323672, 0.05410628019323672, 0.057004830917874394, 0.057004830917874394, 0.05893719806763285, 0.05893719806763285, 0.06086956521739131, 0.06086956521739131, 0.06183574879227053, 0.06183574879227053, 0.06666666666666667, 0.06666666666666667, 0.06763285024154589, 0.06763285024154589, 0.06859903381642513, 0.06859903381642513, 0.07053140096618357, 0.07053140096618357, 0.07149758454106281, 0.07149758454106281, 0.07246376811594203, 0.07246376811594203, 0.07439613526570048, 0.07439613526570048, 0.07632850241545894, 0.07632850241545894, 0.08405797101449275, 0.08405797101449275, 0.08599033816425121, 0.08599033816425121, 0.08695652173913043, 0.08695652173913043, 0.08792270531400966, 0.08792270531400966, 0.08888888888888889, 0.08888888888888889, 0.0927536231884058, 0.0927536231884058, 0.09371980676328502, 0.09371980676328502, 0.09565217391304348, 0.09565217391304348, 0.09855072463768116, 0.09855072463768116, 0.09951690821256039, 0.09951690821256039, 0.10048309178743961, 0.10048309178743961, 0.10144927536231885, 0.10144927536231885, 0.10338164251207729, 0.10338164251207729, 0.10434782608695652, 0.10434782608695652, 0.10628019323671498, 0.10628019323671498, 0.10821256038647344, 0.10821256038647344, 0.11304347826086956, 0.11304347826086956, 0.11594202898550725, 0.11594202898550725, 0.11884057971014493, 0.11884057971014493, 0.12173913043478261, 0.12173913043478261, 0.12270531400966184, 0.12270531400966184, 0.12560386473429952, 0.12560386473429952, 0.1285024154589372, 0.1285024154589372, 0.13043478260869565, 0.13043478260869565, 0.13526570048309178, 0.13526570048309178, 0.1391304347826087, 0.1391304347826087, 0.14202898550724638, 0.14202898550724638, 0.14299516908212562, 0.14299516908212562, 0.14492753623188406, 0.14492753623188406, 0.15265700483091788, 0.15265700483091788, 0.15458937198067632, 0.15458937198067632, 0.157487922705314, 0.157487922705314, 0.15942028985507245, 0.15942028985507245, 0.1603864734299517, 0.1603864734299517, 0.16231884057971013, 0.16231884057971013, 0.16521739130434782, 0.16521739130434782, 0.1681159420289855, 0.1681159420289855, 0.17004830917874397, 0.17004830917874397, 0.17101449275362318, 0.17101449275362318, 0.1748792270531401, 0.1748792270531401, 0.1758454106280193, 0.1758454106280193, 0.17777777777777778, 0.17777777777777778, 0.18067632850241547, 0.18067632850241547, 0.1826086956521739, 0.1826086956521739, 0.18454106280193236, 0.18454106280193236, 0.18647342995169083, 0.18647342995169083, 0.18743961352657004, 0.18743961352657004, 0.18840579710144928, 0.18840579710144928, 0.1961352657004831, 0.1961352657004831, 0.19903381642512077, 0.19903381642512077, 0.20096618357487922, 0.20096618357487922, 0.20483091787439614, 0.20483091787439614, 0.21159420289855072, 0.21159420289855072, 0.2135265700483092, 0.2135265700483092, 0.2144927536231884, 0.2144927536231884, 0.21739130434782608, 0.21739130434782608, 0.21932367149758455, 0.21932367149758455, 0.22028985507246376, 0.22028985507246376, 0.2222222222222222, 0.2222222222222222, 0.22608695652173913, 0.22608695652173913, 0.2289855072463768, 0.2289855072463768, 0.2318840579710145, 0.2318840579710145, 0.23285024154589373, 0.23285024154589373, 0.2357487922705314, 0.2357487922705314, 0.23768115942028986, 0.23768115942028986, 0.23864734299516907, 0.23864734299516907, 0.24057971014492754, 0.24057971014492754, 0.24154589371980675, 0.24154589371980675, 0.25217391304347825, 0.25217391304347825, 0.25507246376811593, 0.25507246376811593, 0.2560386473429952, 0.2560386473429952, 0.2570048309178744, 0.2570048309178744, 0.2579710144927536, 0.2579710144927536, 0.2599033816425121, 0.2599033816425121, 0.2608695652173913, 0.2608695652173913, 0.2618357487922705, 0.2618357487922705, 0.26280193236714977, 0.26280193236714977, 0.263768115942029, 0.263768115942029, 0.26859903381642514, 0.26859903381642514, 0.2753623188405797, 0.2753623188405797, 0.2772946859903382, 0.2772946859903382, 0.2782608695652174, 0.2782608695652174, 0.2792270531400966, 0.2792270531400966, 0.2811594202898551, 0.2811594202898551, 0.28695652173913044, 0.28695652173913044, 0.28792270531400965, 0.28792270531400965, 0.2898550724637681, 0.2898550724637681, 0.29082125603864734, 0.29082125603864734, 0.2985507246376812, 0.2985507246376812, 0.3033816425120773, 0.3033816425120773, 0.30628019323671496, 0.30628019323671496, 0.30917874396135264, 0.30917874396135264, 0.3101449275362319, 0.3101449275362319, 0.3120772946859903, 0.3120772946859903, 0.3188405797101449, 0.3188405797101449, 0.31980676328502416, 0.31980676328502416, 0.3217391304347826, 0.3217391304347826, 0.336231884057971, 0.336231884057971, 0.33816425120772947, 0.33816425120772947, 0.34009661835748795, 0.34009661835748795, 0.3468599033816425, 0.3468599033816425, 0.3526570048309179, 0.3526570048309179, 0.3565217391304348, 0.3565217391304348, 0.357487922705314, 0.35845410628019325, 0.35845410628019325, 0.36231884057971014, 0.36231884057971014, 0.370048309178744, 0.370048309178744, 0.37294685990338167, 0.37294685990338167, 0.37777777777777777, 0.37777777777777777, 0.37874396135265703, 0.37874396135265703, 0.38454106280193234, 0.38454106280193234, 0.3884057971014493, 0.3884057971014493, 0.4038647342995169, 0.4038647342995169, 0.4048309178743961, 0.4048309178743961, 0.41352657004830917, 0.41352657004830917, 0.4144927536231884, 0.4144927536231884, 0.41835748792270533, 0.41835748792270533, 0.42028985507246375, 0.42028985507246375, 0.421256038647343, 0.421256038647343, 0.4251207729468599, 0.4251207729468599, 0.44154589371980674, 0.44154589371980674, 0.4444444444444444, 0.4444444444444444, 0.44830917874396137, 0.44830917874396137, 0.4666666666666667, 0.4666666666666667, 0.4811594202898551, 0.4811594202898551, 0.4888888888888889, 0.4888888888888889, 0.4956521739130435, 0.4956521739130435, 0.4985507246376812, 0.4985507246376812, 0.5043478260869565, 0.5043478260869565, 0.5053140096618357, 0.5053140096618357, 0.5082125603864734, 0.5082125603864734, 0.5120772946859904, 0.5120772946859904, 0.5285024154589372, 0.5285024154589372, 0.5381642512077295, 0.5381642512077295, 0.5391304347826087, 0.5391304347826087, 0.557487922705314, 0.557487922705314, 0.5681159420289855, 0.5681159420289855, 0.5729468599033817, 0.5729468599033817, 0.5777777777777777, 0.5777777777777777, 0.6096618357487923, 0.6096618357487923, 0.6106280193236715, 